Charge ID,Discharge ID
mp-10810,mp-1111315
mp-773138,mp-771169
mp-773190,mp-755361
mp-771767,mp-771066
mp-510755,mp-17876
mp-772152,mp-773177
mp-756330,mp-771393
mp-771032,mp-772153
mp-771164,mp-770765
mp-1222017,mp-1210177
mp-771142,mp-773188
mp-771122,mp-770795
mp-770736,mp-770747
mp-772551,mp-770940
mp-756481,mp-756274
mp-771195,mp-781671
mp-781108,mp-850884
mp-770829,mp-773178
mp-779756,mp-771495
mp-768554,mp-756707
mp-770820,mp-772117
mp-767534,mp-767526
mp-767556,mp-767550
mp-771009,mp-771041
mp-772121,mp-771013
mp-780892,mp-772200
mp-770900,mp-771035
mp-768579,mp-768574
mp-770821,mp-771144
mp-1176378,mp-780164
mp-774241,mp-771270
mp-1178258,mp-771138
mp-777623,mp-770525
mp-1220753,mp-1220765
mp-768094,mp-759323
mp-772118,mp-772726
mp-772183,mp-771954
mp-102,mp-1006112
mp-850975,mp-776196
mp-754649,mp-771824
mp-772135,mp-771204
mp-850995,mp-850796
mp-863078,mp-768598
mp-1176405,mp-1176648
mp-769599,mp-769634
mp-1341686,mp-21213
mp-774416,mp-772553
mp-779142,mp-780565
mp-1391848,mp-1110571
mp-770912,mp-772101
mp-769515,mp-1176347
mp-1101670,mp-770948
mp-770560,mp-780528
mp-1178433,mp-23689
mp-1221432,mp-3332
mp-753211,mp-1222418
mp-25207,mp-778594
mp-19342,mp-19328
mp-850025,mp-683773
mp-705395,mp-1203835
mp-27102,mp-1220949
mp-26412,mp-759875
mp-26582,mp-18493
mp-26124,mp-761059
mp-25206,mp-752558
mp-1225001,mp-759974
mp-584094,mp-1192230
mp-768444,mp-1210501
mp-1040954,mp-1099034
mp-777460,mp-17967
mp-1176544,mp-770968
mp-760161,mp-753301
mp-25210,mp-19149
mp-26980,mp-775855
mp-25237,mp-761067
mp-761016,mp-19261
mp-1369444,mp-755841
mp-849736,mp-553997
mp-25236,mp-19359
mp-697730,mp-778858
mp-1176386,mp-21996
mp-765679,mp-760204
mp-1047928,mp-1012742
mp-1047285,mp-759691
mp-1384466,mp-971633
mp-849596,mp-761085
mp-1354190,mp-542710
mp-776603,mp-764537
mp-32686,mp-1101661
mp-5449,mp-1190392
mp-25433,mp-7002
mp-849511,mp-752583
mp-766145,mp-757528
mp-1014373,mp-1029407
mp-870306,mp-753267
mp-1395285,mp-764034
mp-585266,mp-1198166
mp-510732,mp-21036
mp-19443,mp-38257
mp-754430,mp-18999
mp-504168,mp-16381
mp-755816,mp-28262
mp-1272749,mp-1221066
mp-25275,mp-759533
mp-760068,mp-21792
mp-778825,mp-27569
mp-510746,mp-1101666
mp-19326,mp-1016152
mp-25424,mp-18957
mp-1371977,mp-774174
mp-754638,mp-759473
mp-752989,mp-28649
mp-1271850,mp-1272321
mp-25233,mp-753218
mp-9173,mp-760372
mp-25279,mp-1198236
mp-25288,mp-760908
mp-777965,mp-759333
mp-849533,mp-757229
mp-776508,mp-19427
mp-714960,mp-1312265
mp-752972,mp-765721
mp-1446045,mp-783905
mp-1190609,mp-1296331
mp-1277428,mp-753365
mp-25234,mp-18921
mp-25262,mp-761087
mp-714944,mp-19391
mp-756478,mp-757849
mp-18773,mp-532334
mp-764115,mp-557315
mp-1272932,mp-765742
mp-756655,mp-29356
mp-773019,mp-1176383
mp-1275937,mp-867515
mp-849537,mp-557578
mp-1361684,mp-1297798
mp-849581,mp-761084
mp-849718,mp-757603
mp-831269,mp-560778
mp-19395,mp-1003736
mp-782637,mp-770548
mp-771217,mp-770874
mp-757045,mp-1220892
mp-21855,mp-1180113
mp-1176391,mp-1176765
mp-772044,mp-770947
mp-769570,mp-780786
mp-1442954,mp-1238805
mp-755263,mp-637292
mp-768027,mp-769536
mp-25205,mp-573024
mp-771992,mp-21590
mp-778446,mp-559281
mp-25238,mp-19367
mp-773088,mp-1173562
mp-1207847,mp-1079436
mp-1345714,mp-1210001
mp-580226,mp-7433
mp-1176394,mp-769529
mp-1367462,mp-1210050
mp-755492,mp-6467
mp-782641,mp-778480
mp-1176369,mp-1101707
mp-504265,mp-554777
mp-769564,mp-769592
mp-971669,mp-19844
mp-504778,mp-1110567
mp-1043501,mp-22614
mp-246,mp-1120777
mp-1043383,mp-1105628
mp-1176437,mp-560242
mp-782649,mp-780462
mp-25378,mp-578606
mp-1147673,mp-758835
mp-779530,mp-759981
mp-540496,mp-761042
mp-26304,mp-560368
mp-26458,mp-17142
mp-614565,mp-4541
mp-754584,mp-754835
mp-776597,mp-557171
mp-25229,mp-7469
mp-26610,mp-1221294
mp-1101430,mp-542864
mp-778605,mp-780894
mp-752584,mp-757403
mp-1043195,mp-558048
mp-760957,mp-556822
mp-772662,mp-1196197
mp-759097,mp-1120756
mp-861278,mp-556404
mp-754718,mp-754549
mp-21021,mp-1104133
mp-510752,mp-505090
mp-1040982,mp-1040460
mp-775436,mp-772859
mp-1220017,mp-1518948
mp-769520,mp-769465
mp-504291,mp-761050
mp-23,mp-1186073
mp-510751,mp-760829
mp-12627,mp-1221421
mp-850937,mp-17999
mp-1101189,mp-1120790
mp-190,mp-976923
mp-10033,mp-7937
mp-1142713,mp-19349
mp-32113,mp-557638
mp-7564,mp-1221437
mp-1220547,mp-1221017
mp-17242,mp-1221022
mp-1219754,mp-1522095
mp-568345,mp-1186037
mp-1176375,mp-774778
mp-1072712,mp-1221460
mp-25240,mp-21867
mp-26600,mp-622295
mp-1044451,mp-1220924
mp-568488,mp-1199740
mp-1364316,mp-1013797
mp-504406,mp-1221035
mp-1429856,mp-1076642
mp-1400837,mp-755611
mp-570170,mp-1221553
mp-754874,mp-1101719
mp-26194,mp-559036
mp-31257,mp-1224118
mp-714929,mp-578604
mp-8642,mp-982595
mp-1394584,mp-760012
mp-9227,mp-1221415
mp-25301,mp-6465
mp-1009747,mp-1100440
mp-26616,mp-18435
mp-1219467,mp-1220907
mp-1041961,mp-1101673
mp-545796,mp-19280
mp-1040930,mp-1013843
mp-1424931,mp-10225
mp-561,mp-1221416
mp-2207,mp-7939
mp-1047121,mp-759090
mp-1217845,mp-1220910
mp-769469,mp-1176395
mp-9561,mp-999454
mp-1013526,mp-10224
mp-776567,mp-761068
mp-761041,mp-17461
mp-29318,mp-1221142
mp-1047920,mp-1012678
mp-540093,mp-562796
mp-799,mp-1221427
mp-25359,mp-505102
mp-761010,mp-560506
mp-32077,mp-541674
mp-1221396,mp-1221482
mp-1041196,mp-1013874
mp-769633,mp-22135
mp-558110,mp-754850
mp-2156,mp-752947
mp-25270,mp-759675
mp-25269,mp-761044
mp-25304,mp-761066
mp-504098,mp-775862
mp-776270,mp-18245
mp-25992,mp-761052
mp-25294,mp-752810
mp-26646,mp-1011834
mp-1220361,mp-559354
mp-26314,mp-554790
mp-705562,mp-1221323
mp-714883,mp-578610
mp-777241,mp-562436
mp-1044234,mp-1094125
mp-19000,mp-763899
mp-26524,mp-17479
mp-774537,mp-761046
mp-1047927,mp-1012791
mp-1265975,mp-19287
mp-777879,mp-21966
mp-1355355,mp-1368703
mp-1350503,mp-1094113
mp-504165,mp-776294
mp-26104,mp-776557
mp-32385,mp-19470
mp-20361,mp-746030
mp-25246,mp-752506
mp-849725,mp-562546
mp-759218,mp-19482
mp-556692,mp-558822
mp-510351,mp-1205097
mp-25214,mp-3744
mp-25265,mp-760911
mp-25203,mp-19291
mp-25310,mp-764111
mp-25303,mp-753672
mp-26566,mp-18774
mp-776555,mp-558049
mp-755035,mp-760035
mp-754800,mp-759512
mp-754806,mp-753049
mp-776288,mp-19226
mp-1178257,mp-760263
mp-1356526,mp-1040459
mp-1101501,mp-560780
mp-1041980,mp-1274483
mp-849741,mp-557716
mp-1101553,mp-556540
